Achilles,
Agni,
Ah Muzen Cab,
Ah Puch,
Amaterasu,
Amor,
Anhor,
Anubis,
Ao Guang,
Aphrodite,
Apollo,
Arachne,
Ares,
Artemis,
Artio,
Athena,
Awilix,
Bacchus,
Bakasura,
Baron Samedi,
Bastet,
Bellona,
Cabracán,
Camazotz,
Cernunnos,
Chaac,
Chang'e,
Chiron,
Chronos,
Cu Chulainn,
Daji,
Discordia,
Erlang Shen,
Fafnir,
Fenrir,
Freya,
Ganesha,
Geb,
Guan Yu,
Hachiman,
Hades,
He Bo,
Heimdallr,
Hel,
Hera,
Herkules,
Horus,
Hou Yi,
Hun Batz,
Isis,
Izanami,
Janus,
Jing Wei,
Jörmungandr,
Kali,
Khepri,
König Artus,
Kukulkan,
Kumbhakarna,
Kuzenbo,
Loki,
Medusa,
Merkur,
Merlin,
Morrigan,
Mulan,
Ne Zha,
Neith,
Nemesis,
Nike,
Nox,
Nü Wa,
Odin,
Olorun,
Osiris,
Pele,
Persephone,
Poseidon,
Ra,
Raijin,
Rama,
Ratatoskr,
Ravana,
Serqet,
Seth,
Silvanus,
Skadi,
Skylla,
Sobek,
Sol,
Sun Wukong,
Susano,
Terra,
Thanatos,
Thor,
Thoth,
Tschernebog,
Tyr,
Ullr,
Vamana,
Vulcanus,
Xbalanque,
Xing Tian,
Yemoja,
Ymir,
Zerberus,
Zeus,
Zhong Kui,
