Achille,
Agni,
Ah Muzen Cab,
Ah Puch,
Amaterasu,
Anhour,
Anubis,
Ao Kuang,
Aphrodite,
Apollon,
Arachné,
Arès,
Artémis,
Artio,
Athéna,
Awilix,
Bacchus,
Bakasura,
Baron Samedi,
Bastet,
Bellone,
Cabrakan,
Camazotz,
Cerbère,
Cernunnos,
Chaac,
Chang'e,
Chiron,
Chronos,
Cú Chulainn,
Cupidon,
Da Ji,
Discordia,
Erlang Shen,
Fafnir,
Fenrir,
Freyja,
Ganesh,
Geb,
Guan Yu,
Hachiman,
Hadès,
He Bo,
Heimdallr,
Hel,
Héra,
Hercule,
Horus,
Hou Yi,
Hun Batz,
Isis,
Izanami,
Janus,
Jing Wei,
Jörmungandr,
Kali,
Khepri,
Kukulkan,
Kumbhakarna,
Kuzenbo,
Loki,
Méduse,
Mercure,
Merlin,
Morrigan,
Ne Zha,
Neith,
Némésis,
Niké,
Nox,
Nu Wa,
Odin,
Olorun,
Osiris,
Pélé,
Perséphone,
Poséidon,
Râ,
Raijin,
Rama,
Ratatoskr,
Ravana,
Roi Arthur,
Scylla,
Serqet,
Seth,
Skadi,
Sobek,
Sol,
Sun Wukong,
Susano,
Sylvanus,
Tchernobog,
Terra,
Thanatos,
Thor,
Thot,
Tyr,
Ullr,
Vamana,
Vulcain,
Xbalanque,
Xing Tian,
Yemoja,
Ymir,
Zeus,
Zhong Kui,
