A Morrigan,
Afrodite,
Agni,
Ah Puch,
Amaterasu,
Anúbis,
Ao Kuang,
Apolo,
Aquíles,
Aracne,
Ares,
Ártemis,
Artio,
Atena,
Awilix,
Baco,
Bakasura,
Barão Samedi,
Bastet,
Belona,
Cabrakán,
Camazotz,
Cérbero,
Cernunnos,
Chaac,
Chang'e,
Chernobog,
Chronos,
Cila,
Cúchulainn,
Cupido,
Da Ji,
Discórdia,
Erlang Shen,
Fafnir,
Fenrir,
Freya,
Ganesha,
Geb,
Guan Yu,
Hachiman,
Hades,
He Bo,
Heimdall,
Hela,
Hera,
Hércules,
Hórus,
Hou Yi,
Hun Batz,
Iemanjá,
Ísis,
Ixbalanqué,
Izanami,
Jano,
Jing Wei,
Jormungandr,
Kali,
Khepri,
Kukulcán,
Kumbhakarna,
Kuzenbo,
Loki,
Medusa,
Mercúrio,
Merlin,
Mulzencab,
Neith,
Nêmesis,
Nezha,
Nike,
Nox,
Nu Wa,
Odin,
Olorum,
Onúris,
Osíris,
Pele,
Perséfone,
Poseidon,
Quíron,
Rá,
Raijin,
Rama,
Ratatosk,
Ravana,
Rei Arthur,
Serqet,
Set,
Silvano,
Skadi,
Sobek,
Sun Wukong,
Sunna,
Susanoo,
Terra,
Thanatos,
Thor,
Thoth,
Tyr,
Uller,
Vamana,
Vulcano,
Xing Tian,
Ymir,
Zeus,
Zhong Kui,
